Account ID,Holder's name,Mobile no.,Username,Password,ATM card no.,ATM pin,Card Satus,Balance,Transactions count
202505311550020437,Revanth,9492309626,rev,rev,12532418,2418,ACTIVE,28211.000000,4
202505311548408816,M Karthik,9030455757,kar,kar,12534588,4588,ACTIVE,67499.000000,5
202505262136373454,G Janaki Veera Venkata Naga ,9032593567,dad,dad,78945612,0,ACTIVE,500.000000,1
202505232135493301,Cm Sir Bolte Brooooo,7894561232,cm,cm,12533660,3366,ACTIVE,29000.000000,22
202505232017104914,Siva,4567891352,siva,siva,12618481,8481,ACTIVE,800056.000000,27
202505232015361033,Sai,7894561235,said,said,12548062,8062,ACTIVE,8000.000000,1
202505212201272826,Krish,9391602887,krish,krish,12618444,1234,ACTIVE,54722.000000,7
202505171750394726,Sai N,7894561230,sai,sai,22222222,2222,ACTIVE,29084.000000,5
202505171746125899,Saran Teja G,9032593567,saran,saran,11111111,1111,ACTIVE,1111164805.000000,17
